,precision,recall,fbeta
0,0.8981132075471698,0.5042372881355932,0.6458616010854816
