,precision,recall,fbeta
0,0.9048305695746215,0.4397337070777856,0.5918415468049989
