,precision,recall,fbeta
0,0.875,0.09749303621169916,0.1754385964912281
