,precision,recall,fbeta
0,0.8760655737704918,0.44063324538258575,0.586350669299978
