,precision,recall,fbeta
0,0.8633993743482794,0.783349101229896,0.8214285714285714
