,precision,recall,fbeta
0,0.8775326429536245,0.6809923130677847,0.7668699586858153
