,precision,recall,fbeta
0,0.8300653594771242,0.8438538205980066,0.8369028006589786
