,precision,recall,fbeta
0,0.8166666666666667,0.13649025069637882,0.23389021479713606
