,precision,recall,fbeta
0,0.9375,0.0872093023255814,0.15957446808510642
