,precision,recall,fbeta
0,0.9032258064516129,0.15954415954415954,0.2711864406779661
