,precision,recall,fbeta
0,0.906152889993785,0.4756933115823817,0.6238767650834403
