,precision,recall,fbeta
0,0.8770685579196218,0.8489702517162472,0.8627906976744186
