,precision,recall,fbeta
0,0.9090909090909091,0.22900763358778625,0.36585365853658536
