,precision,recall,fbeta
0,0.9295522388059702,0.3178199632578077,0.47368421052631576
