,precision,recall,fbeta
0,1.0,0.07407407407407407,0.13793103448275862
