,precision,recall,fbeta
0,0.7777777777777778,0.09090909090909091,0.1627906976744186
