,precision,recall,fbeta
0,0.9085872576177285,0.46790299572039945,0.6177024482109228
